{
     "smart_tags":{
         "overall_predictions":{
            "Emotion-Angry_/_Agressive":0.005695276893675327,
            "Emotion-Arousing_/_Awakening":0.03877127915620804,
            "Emotion-Bizarre_/_Weird":0.0420495942234993,
            "Emotion-Calming_/_Soothing":0.037645839154720306,
            "Emotion-Carefree_/_Lighthearted":0.016044920310378075,
            "Emotion-Cheerful_/_Festive":0.024425599724054337,
            "Emotion-Emotional_/_Passionate":0.03150731325149536,
            "Emotion-Exciting_/_Thrilling":0.034179944545030594,
            "Emotion-Happy":0.017971515655517578,
            "Emotion-Laid-back_/_Mellow":0.029752686619758606,
            "Emotion-Light_/_Playful":0.01972840167582035,
            "Emotion-Loving_/_Romantic":0.011875367723405361,
            "Emotion-Pleasant_/_Comfortable":0.034723278135061264,
            "Emotion-Positive_/_Optimistic":0.014397564344108105,
            "Emotion-Powerful_/_Strong":0.037001948803663254,
            "Emotion-Sad":0.009017901495099068,
            "Emotion-Tender_/_Soft":0.014323887415230274,
            "Emotion-Touching_/_Loving":0.005449991673231125,
            "Instrument_-_Acoustic_Guitar":0.006015394814312458,
            "Instrument_-_Acoustic_Guitar-Solo":0.0027241376228630543,
            "Instrument_-_Ambient_Sounds":0.04800885170698166,
            "Instrument_-_Backing_vocals":0.010340610519051552,
            "Instrument_-_Bass":0.024652769789099693,
            "Instrument_-_Drum_Machine":0.05263793468475342,
            "Instrument_-_Drum_Set":0.01843048259615898,
            "Instrument_-_Electric_Guitar_(clean)":0.01110825501382351,
            "Instrument_-_Electric_Guitar_(clean)-Solo":0.0030222670175135136,
            "Instrument_-_Electric_Guitar_(distorted)":0.0032916448544710875,
            "Instrument_-_Electric_Guitar_(distorted)-Solo":0.0018259270582348108,
            "Instrument_-_Female_Lead_Vocals":0.009786907583475113,
            "Instrument_-_Female_Lead_Vocals-Solo":0.008235651068389416,
            "Instrument_-_Hand_Drums":0.03326958417892456,
            "Instrument_-_Harmonica":0.0038232102524489164,
            "Instrument_-_Harmonica-Solo":0.002779199043288827,
            "Instrument_-_Horn_Section":0.006813040468841791,
            "Instrument_-_Male_Lead_Vocals":0.015338802710175514,
            "Instrument_-_Male_Lead_Vocals-Solo":0.015846405178308487,
            "Instrument_-_Organ":0.0035406332463026047,
            "Instrument_-_Piano":0.021669913083314896,
            "Instrument_-_Piano-Solo":0.0031575108878314495,
            "Instrument_-_Samples":0.04719224199652672,
            "Instrument_-_Saxophone":0.007326736114919186,
            "Instrument_-_Saxophone-Solo":0.0030955031979829073,
            "Instrument_-_Sequencer":0.04583556950092316,
            "Instrument_-_String_Ensemble":0.003861708100885153,
            "Instrument_-_Synthesizer":0.043090105056762695,
            "Instrument_-_Tambourine":0.0054574706591665745,
            "Instrument_-_Trombone":0.003877646755427122,
            "Instrument_-_Trumpet":0.008995338343083858,
            "Instrument_-_Trumpet-Solo":0.003822165308520198,
            "Instrument_-_Violin/Fiddle":0.0014829626306891441,
            "Vocals-Aggressive":0.004217477049678564,
            "Vocals-Altered_with_Effects":0.005570710636675358,
            "Vocals-Breathy":0.004347451031208038,
            "Vocals-Call_&_Response":0.00742678064852953,
            "Vocals-Duet":0.0023581981658935547,
            "Vocals-Emotional":0.01062014140188694,
            "Vocals-Falsetto":0.002743738004937768,
            "Vocals-Gravelly":0.003057809080928564,
            "Vocals-High-pitched":0.010924888774752617,
            "Vocals-Low-pitched":0.006429302506148815,
            "Vocals-Monotone":0.004761083982884884,
            "Vocals-Rapping":0.009585731662809849,
            "Vocals-Screaming":0.0009935923153534532,
            "Vocals-Spoken":0.008173078298568726,
            "Vocals-Strong":0.00618601543828845,
            "Vocals-Vocal_Harmonies":0.007685092743486166
         }
      },
}